id;title;first_name;last_name;email;phone_number;request_date
1;dot-com Ergonomic client-server;Leufroy;Royer;Abel.Pons@gmail.com;holistic Dominique Buckinghamshire;2021-05-25T18:18:39
2;Kiribati;Arsènie;Faure;Vivien.Dumas51@gmail.com;Awesome;2021-05-25T14:00:41
3;killer Bedfordshire;Arsinoé;Durand;Althe_Laurent@yahoo.fr;c;2021-05-25T22:04:32
4;Practical feed;Séraphin;Perez;Lucas.Schmitt@hotmail.fr;a Sleek payment;2021-05-25T03:50:09
5;Lorraine a bleeding-edge;Ségolène;Mercier;lonore97@gmail.com;User-centric;2021-05-25T09:23:29
6;Developpeur metrics;Christophe;Perrin;Florent_Aubert68@hotmail.fr;Practical;2021-05-25T23:39:18
7;Manager cyan;Alizé;Giraud;Constance57@hotmail.fr;Directeur SQL;2021-05-25T08:34:23
8;transmit;Aglaé;Fernandez;Anthelme50@yahoo.fr;Berkshire;2021-05-25T09:25:19
9;Fresh Granite Metal;Gislebert;Guillaume;Candide.Girard@hotmail.fr;enable;2021-05-25T16:49:54
10;innovative Outdoors;Philémon;Henry;Jeannel.Collet14@gmail.com;Borders Dollar;2021-05-25T22:47:46
